feature,medie,deviatie_standard
Gender,1.503111111111111,0.4999903208939692
Age,42.69962962962963,16.97197908132401
Height,174.42733333333334,14.261935129204229
Weight,74.93577777777777,15.030801263315404
Duration,15.513777777777777,8.328685091779176
Heart_Rate,95.49296296296296,9.582392539256887
Body_Temp,40.023348148148145,0.7793207233892718
